{"log_url": null, "num_elec": 10, "num_basis": 7, "correction": -0.009119790725170192, "num_virtual": 24, "energy_total": -76.3381704941877, "num_occupied": 5, "mo_coefficients": {"key": "1d2d12e76aac299f89abaf0d2d06a13ee1d86bf6edf47bc0421102bf02f6fa58", "s3_url": "https://qemistmocoefficients.s3.us-west-2.amazonaws.com/1d2d12e76aac299f89abaf0d2d06a13ee1d86bf6edf47bc0421102bf02f6fa58", "s3_bucket_name": "qemistmocoefficients"}, "mp2_correlation": -0.021833167253607063, "mean_field_energy": -76.31082623608856, "energy_correlation": -0.02734425809913432, "virtual_orbital_space": [5, 6, 7, 8, 9, 10, 11, 12, 13, 14, 15, 16, 17, 18, 19, 20, 21, 22, 23, 24, 25, 26, 27, 28], "complete_orbital_space": [0, 1, 2, 3, 4, 5, 6, 7, 8, 9, 10, 11, 12, 13, 14, 15, 16, 17, 18, 19, 20, 21, 22, 23, 24, 25, 26, 27, 28], "occupied_orbital_space": [0, 1, 2, 3, 4], "frozen_orbitals_truncated": [0, 1, 2, 4, 6, 7, 8, 9, 10, 11, 12, 13, 14, 15, 16, 17, 18, 19, 20, 21, 22, 23, 24, 25, 26, 27, 28], "active_virtual_orbital_space": [5, 6, 7, 8, 9, 10, 11, 12, 13, 14, 15, 16, 17, 18, 19, 20, 21, 22, 23, 24, 25, 26, 27, 28], "frozen_virtual_orbital_space": [], "mp2_active_space_correlation": -0.01271337652843687, "active_occupied_orbital_space": [3], "frozen_occupied_orbital_space": [0, 1, 2, 4], "active_virtual_orbital_space_truncated": [5], "frozen_virtual_orbital_space_truncated": [6, 7, 8, 9, 10, 11, 12, 13, 14, 15, 16, 17, 18, 19, 20, 21, 22, 23, 24, 25, 26, 27, 28], "solve_time": 2, "sub_problems": []}