{"log_url": null, "num_elec": 10, "num_basis": 7, "correction": -0.0295411736339537, "num_virtual": 24, "energy_total": -76.38027398697177, "num_occupied": 5, "mo_coefficients": {"key": "18ca77e0cd9958d4dd2b69f787a5a9a6f95d0c326c4121cf98be07fe604ab439", "s3_url": "https://qemistmocoefficients.s3.us-west-2.amazonaws.com/18ca77e0cd9958d4dd2b69f787a5a9a6f95d0c326c4121cf98be07fe604ab439", "s3_bucket_name": "qemistmocoefficients"}, "mp2_correlation": -0.06144802772349325, "mean_field_energy": -76.31082623608856, "energy_correlation": -0.06944775088321364, "virtual_orbital_space": [5, 6, 7, 8, 9, 10, 11, 12, 13, 14, 15, 16, 17, 18, 19, 20, 21, 22, 23, 24, 25, 26, 27, 28], "complete_orbital_space": [0, 1, 2, 3, 4, 5, 6, 7, 8, 9, 10, 11, 12, 13, 14, 15, 16, 17, 18, 19, 20, 21, 22, 23, 24, 25, 26, 27, 28], "occupied_orbital_space": [0, 1, 2, 3, 4], "frozen_orbitals_truncated": [0, 1, 3, 7, 8, 9, 10, 11, 12, 13, 14, 15, 16, 17, 18, 19, 20, 21, 22, 23, 24, 25, 26, 27, 28], "active_virtual_orbital_space": [5, 6, 7, 8, 9, 10, 11, 12, 13, 14, 15, 16, 17, 18, 19, 20, 21, 22, 23, 24, 25, 26, 27, 28], "frozen_virtual_orbital_space": [], "mp2_active_space_correlation": -0.03190685408953955, "active_occupied_orbital_space": [2, 4], "frozen_occupied_orbital_space": [0, 1, 3], "active_virtual_orbital_space_truncated": [5, 6], "frozen_virtual_orbital_space_truncated": [7, 8, 9, 10, 11, 12, 13, 14, 15, 16, 17, 18, 19, 20, 21, 22, 23, 24, 25, 26, 27, 28], "solve_time": 3, "sub_problems": []}