{"log_url": null, "num_elec": 10, "num_basis": 7, "correction": -0.009119796173965812, "num_virtual": 24, "energy_total": -76.33817036745623, "num_occupied": 5, "mo_coefficients": {"key": "98eb8357820631b1022d29739872c9d2dc3e04e25000891c08eaffd34e70c86e", "s3_url": "https://qemistmocoefficients.s3.us-west-2.amazonaws.com/98eb8357820631b1022d29739872c9d2dc3e04e25000891c08eaffd34e70c86e", "s3_bucket_name": "qemistmocoefficients"}, "mp2_correlation": -0.021833097464495556, "mean_field_energy": -76.31082623608856, "energy_correlation": -0.02734413136766989, "virtual_orbital_space": [5, 6, 7, 8, 9, 10, 11, 12, 13, 14, 15, 16, 17, 18, 19, 20, 21, 22, 23, 24, 25, 26, 27, 28], "complete_orbital_space": [0, 1, 2, 3, 4, 5, 6, 7, 8, 9, 10, 11, 12, 13, 14, 15, 16, 17, 18, 19, 20, 21, 22, 23, 24, 25, 26, 27, 28], "occupied_orbital_space": [0, 1, 2, 3, 4], "frozen_orbitals_truncated": [0, 1, 3, 4, 6, 7, 8, 9, 10, 11, 12, 13, 14, 15, 16, 17, 18, 19, 20, 21, 22, 23, 24, 25, 26, 27, 28], "active_virtual_orbital_space": [5, 6, 7, 8, 9, 10, 11, 12, 13, 14, 15, 16, 17, 18, 19, 20, 21, 22, 23, 24, 25, 26, 27, 28], "frozen_virtual_orbital_space": [], "mp2_active_space_correlation": -0.012713301290529742, "active_occupied_orbital_space": [2], "frozen_occupied_orbital_space": [0, 1, 3, 4], "active_virtual_orbital_space_truncated": [5], "frozen_virtual_orbital_space_truncated": [6, 7, 8, 9, 10, 11, 12, 13, 14, 15, 16, 17, 18, 19, 20, 21, 22, 23, 24, 25, 26, 27, 28], "solve_time": 3, "sub_problems": []}