{"log_url": null, "num_elec": 10, "num_basis": 7, "correction": -0.05783277324671613, "num_virtual": 24, "energy_total": -76.44430505876844, "num_occupied": 5, "mo_coefficients": {"key": "b5d0fa67cbb16ad70eeb78b4932eaf2012df06f78aca2f006a29e30ae98a1962", "s3_url": "https://qemistmocoefficients.s3.us-west-2.amazonaws.com/b5d0fa67cbb16ad70eeb78b4932eaf2012df06f78aca2f006a29e30ae98a1962", "s3_bucket_name": "qemistmocoefficients"}, "mp2_correlation": -0.123207101787032, "mean_field_energy": -76.31082623608856, "energy_correlation": -0.13347882267987643, "virtual_orbital_space": [5, 6, 7, 8, 9, 10, 11, 12, 13, 14, 15, 16, 17, 18, 19, 20, 21, 22, 23, 24, 25, 26, 27, 28], "complete_orbital_space": [0, 1, 2, 3, 4, 5, 6, 7, 8, 9, 10, 11, 12, 13, 14, 15, 16, 17, 18, 19, 20, 21, 22, 23, 24, 25, 26, 27, 28], "occupied_orbital_space": [0, 1, 2, 3, 4], "frozen_orbitals_truncated": [0, 3, 8, 9, 10, 11, 12, 13, 14, 15, 16, 17, 18, 19, 20, 21, 22, 23, 24, 25, 26, 27, 28], "active_virtual_orbital_space": [5, 6, 7, 8, 9, 10, 11, 12, 13, 14, 15, 16, 17, 18, 19, 20, 21, 22, 23, 24, 25, 26, 27, 28], "frozen_virtual_orbital_space": [], "mp2_active_space_correlation": -0.06537432854031588, "active_occupied_orbital_space": [1, 2, 4], "frozen_occupied_orbital_space": [0, 3], "active_virtual_orbital_space_truncated": [5, 6, 7], "frozen_virtual_orbital_space_truncated": [8, 9, 10, 11, 12, 13, 14, 15, 16, 17, 18, 19, 20, 21, 22, 23, 24, 25, 26, 27, 28], "solve_time": 3, "sub_problems": []}