{"log_url": null, "num_elec": 10, "num_basis": 7, "correction": -0.026851761012047164, "num_virtual": 24, "energy_total": -76.38211454178563, "num_occupied": 5, "mo_coefficients": {"key": "259f30e393166c74cd4e5e69bb3016e33f9c304596ce7832d436b78377eeec97", "s3_url": "https://qemistmocoefficients.s3.us-west-2.amazonaws.com/259f30e393166c74cd4e5e69bb3016e33f9c304596ce7832d436b78377eeec97", "s3_bucket_name": "qemistmocoefficients"}, "mp2_correlation": -0.060835047038457955, "mean_field_energy": -76.31082623608856, "energy_correlation": -0.07128830569706679, "virtual_orbital_space": [5, 6, 7, 8, 9, 10, 11, 12, 13, 14, 15, 16, 17, 18, 19, 20, 21, 22, 23, 24, 25, 26, 27, 28], "complete_orbital_space": [0, 1, 2, 3, 4, 5, 6, 7, 8, 9, 10, 11, 12, 13, 14, 15, 16, 17, 18, 19, 20, 21, 22, 23, 24, 25, 26, 27, 28], "occupied_orbital_space": [0, 1, 2, 3, 4], "frozen_orbitals_truncated": [0, 3, 4, 7, 8, 9, 10, 11, 12, 13, 14, 15, 16, 17, 18, 19, 20, 21, 22, 23, 24, 25, 26, 27, 28], "active_virtual_orbital_space": [5, 6, 7, 8, 9, 10, 11, 12, 13, 14, 15, 16, 17, 18, 19, 20, 21, 22, 23, 24, 25, 26, 27, 28], "frozen_virtual_orbital_space": [], "mp2_active_space_correlation": -0.03398328602641079, "active_occupied_orbital_space": [1, 2], "frozen_occupied_orbital_space": [0, 3, 4], "active_virtual_orbital_space_truncated": [5, 6], "frozen_virtual_orbital_space_truncated": [7, 8, 9, 10, 11, 12, 13, 14, 15, 16, 17, 18, 19, 20, 21, 22, 23, 24, 25, 26, 27, 28], "solve_time": 3, "sub_problems": []}