{"log_url": null, "num_elec": 10, "num_basis": 7, "correction": -0.02685196814339131, "num_virtual": 24, "energy_total": -76.38211634269622, "num_occupied": 5, "mo_coefficients": {"key": "5483de6a52aef543b51701c9948ff9057e1838ecfa8ee6af734cf2c06fb2172e", "s3_url": "https://qemistmocoefficients.s3.us-west-2.amazonaws.com/5483de6a52aef543b51701c9948ff9057e1838ecfa8ee6af734cf2c06fb2172e", "s3_bucket_name": "qemistmocoefficients"}, "mp2_correlation": -0.0608364157285376, "mean_field_energy": -76.31082623608856, "energy_correlation": -0.07129010660766255, "virtual_orbital_space": [5, 6, 7, 8, 9, 10, 11, 12, 13, 14, 15, 16, 17, 18, 19, 20, 21, 22, 23, 24, 25, 26, 27, 28], "complete_orbital_space": [0, 1, 2, 3, 4, 5, 6, 7, 8, 9, 10, 11, 12, 13, 14, 15, 16, 17, 18, 19, 20, 21, 22, 23, 24, 25, 26, 27, 28], "occupied_orbital_space": [0, 1, 2, 3, 4], "frozen_orbitals_truncated": [0, 1, 4, 7, 8, 9, 10, 11, 12, 13, 14, 15, 16, 17, 18, 19, 20, 21, 22, 23, 24, 25, 26, 27, 28], "active_virtual_orbital_space": [5, 6, 7, 8, 9, 10, 11, 12, 13, 14, 15, 16, 17, 18, 19, 20, 21, 22, 23, 24, 25, 26, 27, 28], "frozen_virtual_orbital_space": [], "mp2_active_space_correlation": -0.033984447585146293, "active_occupied_orbital_space": [2, 3], "frozen_occupied_orbital_space": [0, 1, 4], "active_virtual_orbital_space_truncated": [5, 6], "frozen_virtual_orbital_space_truncated": [7, 8, 9, 10, 11, 12, 13, 14, 15, 16, 17, 18, 19, 20, 21, 22, 23, 24, 25, 26, 27, 28], "solve_time": 3, "sub_problems": []}