{"log_url": null, "num_elec": 10, "num_basis": 7, "correction": -0.05248449000860862, "num_virtual": 24, "energy_total": -76.44221560097735, "num_occupied": 5, "mo_coefficients": {"key": "c1687e640cc5c2c1ee064586000110fb4650f0c8d32a97d807738370a556fe24", "s3_url": "https://qemistmocoefficients.s3.us-west-2.amazonaws.com/c1687e640cc5c2c1ee064586000110fb4650f0c8d32a97d807738370a556fe24", "s3_bucket_name": "qemistmocoefficients"}, "mp2_correlation": -0.11830774694750526, "mean_field_energy": -76.31082623608856, "energy_correlation": -0.13138936488878983, "virtual_orbital_space": [5, 6, 7, 8, 9, 10, 11, 12, 13, 14, 15, 16, 17, 18, 19, 20, 21, 22, 23, 24, 25, 26, 27, 28], "complete_orbital_space": [0, 1, 2, 3, 4, 5, 6, 7, 8, 9, 10, 11, 12, 13, 14, 15, 16, 17, 18, 19, 20, 21, 22, 23, 24, 25, 26, 27, 28], "occupied_orbital_space": [0, 1, 2, 3, 4], "frozen_orbitals_truncated": [0, 4, 8, 9, 10, 11, 12, 13, 14, 15, 16, 17, 18, 19, 20, 21, 22, 23, 24, 25, 26, 27, 28], "active_virtual_orbital_space": [5, 6, 7, 8, 9, 10, 11, 12, 13, 14, 15, 16, 17, 18, 19, 20, 21, 22, 23, 24, 25, 26, 27, 28], "frozen_virtual_orbital_space": [], "mp2_active_space_correlation": -0.06582325693889664, "active_occupied_orbital_space": [1, 2, 3], "frozen_occupied_orbital_space": [0, 4], "active_virtual_orbital_space_truncated": [5, 6, 7], "frozen_virtual_orbital_space_truncated": [8, 9, 10, 11, 12, 13, 14, 15, 16, 17, 18, 19, 20, 21, 22, 23, 24, 25, 26, 27, 28], "solve_time": 3, "sub_problems": []}