{"log_url": null, "num_elec": 10, "num_basis": 7, "correction": -0.05783280501450547, "num_virtual": 24, "energy_total": -76.44430527028285, "num_occupied": 5, "mo_coefficients": {"key": "75b6b5ebd4027d72cb24d371a0b7949f844b0710bd409807d308d6644f1eaaf9", "s3_url": "https://qemistmocoefficients.s3.us-west-2.amazonaws.com/75b6b5ebd4027d72cb24d371a0b7949f844b0710bd409807d308d6644f1eaaf9", "s3_bucket_name": "qemistmocoefficients"}, "mp2_correlation": -0.12320729746017237, "mean_field_energy": -76.31082623608856, "energy_correlation": -0.13347903419429483, "virtual_orbital_space": [5, 6, 7, 8, 9, 10, 11, 12, 13, 14, 15, 16, 17, 18, 19, 20, 21, 22, 23, 24, 25, 26, 27, 28], "complete_orbital_space": [0, 1, 2, 3, 4, 5, 6, 7, 8, 9, 10, 11, 12, 13, 14, 15, 16, 17, 18, 19, 20, 21, 22, 23, 24, 25, 26, 27, 28], "occupied_orbital_space": [0, 1, 2, 3, 4], "frozen_orbitals_truncated": [0, 2, 8, 9, 10, 11, 12, 13, 14, 15, 16, 17, 18, 19, 20, 21, 22, 23, 24, 25, 26, 27, 28], "active_virtual_orbital_space": [5, 6, 7, 8, 9, 10, 11, 12, 13, 14, 15, 16, 17, 18, 19, 20, 21, 22, 23, 24, 25, 26, 27, 28], "frozen_virtual_orbital_space": [], "mp2_active_space_correlation": -0.06537449244566688, "active_occupied_orbital_space": [1, 3, 4], "frozen_occupied_orbital_space": [0, 2], "active_virtual_orbital_space_truncated": [5, 6, 7], "frozen_virtual_orbital_space_truncated": [8, 9, 10, 11, 12, 13, 14, 15, 16, 17, 18, 19, 20, 21, 22, 23, 24, 25, 26, 27, 28], "solve_time": 3, "sub_problems": []}