{"log_url": null, "num_elec": 10, "num_basis": 7, "correction": -0.029541019399254173, "num_virtual": 24, "energy_total": -76.38027249433605, "num_occupied": 5, "mo_coefficients": {"key": "8558bcf26e11371b7aaa3caea6d3dc1fb3ceea2e3c19f92496f782f065cea712", "s3_url": "https://qemistmocoefficients.s3.us-west-2.amazonaws.com/8558bcf26e11371b7aaa3caea6d3dc1fb3ceea2e3c19f92496f782f065cea712", "s3_bucket_name": "qemistmocoefficients"}, "mp2_correlation": -0.06144687121039113, "mean_field_energy": -76.31082623608856, "energy_correlation": -0.06944625824749551, "virtual_orbital_space": [5, 6, 7, 8, 9, 10, 11, 12, 13, 14, 15, 16, 17, 18, 19, 20, 21, 22, 23, 24, 25, 26, 27, 28], "complete_orbital_space": [0, 1, 2, 3, 4, 5, 6, 7, 8, 9, 10, 11, 12, 13, 14, 15, 16, 17, 18, 19, 20, 21, 22, 23, 24, 25, 26, 27, 28], "occupied_orbital_space": [0, 1, 2, 3, 4], "frozen_orbitals_truncated": [0, 2, 3, 7, 8, 9, 10, 11, 12, 13, 14, 15, 16, 17, 18, 19, 20, 21, 22, 23, 24, 25, 26, 27, 28], "active_virtual_orbital_space": [5, 6, 7, 8, 9, 10, 11, 12, 13, 14, 15, 16, 17, 18, 19, 20, 21, 22, 23, 24, 25, 26, 27, 28], "frozen_virtual_orbital_space": [], "mp2_active_space_correlation": -0.031905851811136955, "active_occupied_orbital_space": [1, 4], "frozen_occupied_orbital_space": [0, 2, 3], "active_virtual_orbital_space_truncated": [5, 6], "frozen_virtual_orbital_space_truncated": [7, 8, 9, 10, 11, 12, 13, 14, 15, 16, 17, 18, 19, 20, 21, 22, 23, 24, 25, 26, 27, 28], "solve_time": 3, "sub_problems": []}