{"log_url": null, "num_elec": 10, "num_basis": 7, "correction": -0.057833074537407325, "num_virtual": 24, "energy_total": -76.44430714987209, "num_occupied": 5, "mo_coefficients": {"key": "79903d47ff87c97a919fafd992bab8854fa5c29d875ae886026dccf44f82f5f4", "s3_url": "https://qemistmocoefficients.s3.us-west-2.amazonaws.com/79903d47ff87c97a919fafd992bab8854fa5c29d875ae886026dccf44f82f5f4", "s3_bucket_name": "qemistmocoefficients"}, "mp2_correlation": -0.12320906572171308, "mean_field_energy": -76.31082623608856, "energy_correlation": -0.13348091378352933, "virtual_orbital_space": [5, 6, 7, 8, 9, 10, 11, 12, 13, 14, 15, 16, 17, 18, 19, 20, 21, 22, 23, 24, 25, 26, 27, 28], "complete_orbital_space": [0, 1, 2, 3, 4, 5, 6, 7, 8, 9, 10, 11, 12, 13, 14, 15, 16, 17, 18, 19, 20, 21, 22, 23, 24, 25, 26, 27, 28], "occupied_orbital_space": [0, 1, 2, 3, 4], "frozen_orbitals_truncated": [0, 1, 8, 9, 10, 11, 12, 13, 14, 15, 16, 17, 18, 19, 20, 21, 22, 23, 24, 25, 26, 27, 28], "active_virtual_orbital_space": [5, 6, 7, 8, 9, 10, 11, 12, 13, 14, 15, 16, 17, 18, 19, 20, 21, 22, 23, 24, 25, 26, 27, 28], "frozen_virtual_orbital_space": [], "mp2_active_space_correlation": -0.06537599118430576, "active_occupied_orbital_space": [2, 3, 4], "frozen_occupied_orbital_space": [0, 1], "active_virtual_orbital_space_truncated": [5, 6, 7], "frozen_virtual_orbital_space_truncated": [8, 9, 10, 11, 12, 13, 14, 15, 16, 17, 18, 19, 20, 21, 22, 23, 24, 25, 26, 27, 28], "solve_time": 3, "sub_problems": []}