{"log_url": null, "num_elec": 10, "num_basis": 7, "correction": -0.029541190431614343, "num_virtual": 24, "energy_total": -76.3802741588433, "num_occupied": 5, "mo_coefficients": {"key": "c8286a21d686ce16df5766b6c1cfe0c654fe839965816d16b1b0259299e5f55a", "s3_url": "https://qemistmocoefficients.s3.us-west-2.amazonaws.com/c8286a21d686ce16df5766b6c1cfe0c654fe839965816d16b1b0259299e5f55a", "s3_bucket_name": "qemistmocoefficients"}, "mp2_correlation": -0.06144815911263881, "mean_field_energy": -76.31082623608856, "energy_correlation": -0.06944792275474754, "virtual_orbital_space": [5, 6, 7, 8, 9, 10, 11, 12, 13, 14, 15, 16, 17, 18, 19, 20, 21, 22, 23, 24, 25, 26, 27, 28], "complete_orbital_space": [0, 1, 2, 3, 4, 5, 6, 7, 8, 9, 10, 11, 12, 13, 14, 15, 16, 17, 18, 19, 20, 21, 22, 23, 24, 25, 26, 27, 28], "occupied_orbital_space": [0, 1, 2, 3, 4], "frozen_orbitals_truncated": [0, 1, 2, 7, 8, 9, 10, 11, 12, 13, 14, 15, 16, 17, 18, 19, 20, 21, 22, 23, 24, 25, 26, 27, 28], "active_virtual_orbital_space": [5, 6, 7, 8, 9, 10, 11, 12, 13, 14, 15, 16, 17, 18, 19, 20, 21, 22, 23, 24, 25, 26, 27, 28], "frozen_virtual_orbital_space": [], "mp2_active_space_correlation": -0.03190696868102447, "active_occupied_orbital_space": [3, 4], "frozen_occupied_orbital_space": [0, 1, 2], "active_virtual_orbital_space_truncated": [5, 6], "frozen_virtual_orbital_space_truncated": [7, 8, 9, 10, 11, 12, 13, 14, 15, 16, 17, 18, 19, 20, 21, 22, 23, 24, 25, 26, 27, 28], "solve_time": 3, "sub_problems": []}