{"log_url": null, "num_elec": 10, "num_basis": 7, "correction": -0.017714051259925125, "num_virtual": 24, "energy_total": -76.32854028734849, "num_occupied": 5, "mo_coefficients": {"key": "f16e50445861795dc30647c888060a3de6733e0c9b89e739e42e663b1d24eb52", "s3_url": "https://qemistmocoefficients.s3.us-west-2.amazonaws.com/f16e50445861795dc30647c888060a3de6733e0c9b89e739e42e663b1d24eb52", "s3_bucket_name": "qemistmocoefficients"}, "mp2_correlation": -0.017714051259925125, "mean_field_energy": -76.31082623608856, "energy_correlation": -0.01771405125992942, "virtual_orbital_space": [5, 6, 7, 8, 9, 10, 11, 12, 13, 14, 15, 16, 17, 18, 19, 20, 21, 22, 23, 24, 25, 26, 27, 28], "complete_orbital_space": [0, 1, 2, 3, 4, 5, 6, 7, 8, 9, 10, 11, 12, 13, 14, 15, 16, 17, 18, 19, 20, 21, 22, 23, 24, 25, 26, 27, 28], "occupied_orbital_space": [0, 1, 2, 3, 4], "frozen_orbitals_truncated": [0, 1, 2, 3, 5, 6, 7, 8, 9, 10, 11, 12, 13, 14, 15, 16, 17, 18, 19, 20, 21, 22, 23, 24, 25, 26, 27, 28], "active_virtual_orbital_space": [5, 6, 7, 8, 9, 10, 11, 12, 13, 14, 15, 16, 17, 18, 19, 20, 21, 22, 23, 24, 25, 26, 27, 28], "frozen_virtual_orbital_space": [], "mp2_active_space_correlation": 0.0, "active_occupied_orbital_space": [4], "frozen_occupied_orbital_space": [0, 1, 2, 3], "active_virtual_orbital_space_truncated": [], "frozen_virtual_orbital_space_truncated": [5, 6, 7, 8, 9, 10, 11, 12, 13, 14, 15, 16, 17, 18, 19, 20, 21, 22, 23, 24, 25, 26, 27, 28], "solve_time": 2, "sub_problems": []}