{"log_url": null, "num_elec": 10, "num_basis": 7, "correction": -0.009119841625045129, "num_virtual": 24, "energy_total": -76.3381692871126, "num_occupied": 5, "mo_coefficients": {"key": "835eaf9b7d979b97c21237dcadc10abb4656626d227abb18e3bbfcd0c85e3ff7", "s3_url": "https://qemistmocoefficients.s3.us-west-2.amazonaws.com/835eaf9b7d979b97c21237dcadc10abb4656626d227abb18e3bbfcd0c85e3ff7", "s3_bucket_name": "qemistmocoefficients"}, "mp2_correlation": -0.02183250023074338, "mean_field_energy": -76.31082623608856, "energy_correlation": -0.027343051024047327, "virtual_orbital_space": [5, 6, 7, 8, 9, 10, 11, 12, 13, 14, 15, 16, 17, 18, 19, 20, 21, 22, 23, 24, 25, 26, 27, 28], "complete_orbital_space": [0, 1, 2, 3, 4, 5, 6, 7, 8, 9, 10, 11, 12, 13, 14, 15, 16, 17, 18, 19, 20, 21, 22, 23, 24, 25, 26, 27, 28], "occupied_orbital_space": [0, 1, 2, 3, 4], "frozen_orbitals_truncated": [0, 2, 3, 4, 6, 7, 8, 9, 10, 11, 12, 13, 14, 15, 16, 17, 18, 19, 20, 21, 22, 23, 24, 25, 26, 27, 28], "active_virtual_orbital_space": [5, 6, 7, 8, 9, 10, 11, 12, 13, 14, 15, 16, 17, 18, 19, 20, 21, 22, 23, 24, 25, 26, 27, 28], "frozen_virtual_orbital_space": [], "mp2_active_space_correlation": -0.012712658605698254, "active_occupied_orbital_space": [1], "frozen_occupied_orbital_space": [0, 2, 3, 4], "active_virtual_orbital_space_truncated": [5], "frozen_virtual_orbital_space_truncated": [6, 7, 8, 9, 10, 11, 12, 13, 14, 15, 16, 17, 18, 19, 20, 21, 22, 23, 24, 25, 26, 27, 28], "solve_time": 3, "sub_problems": []}