{"log_url": "https://qemistgvbpplogs.s3.us-west-2.amazonaws.com/d9738111e5607b3af4f327629cbbaaba367fe99c9683bd989af2efe15caaa171.log", "num_elec": 10, "num_basis": 7, "num_virtual": 24, "energy_total": -76.52019103159677, "num_occupied": 5, "subproblem_data": {"1": {"(1,)": {"cas": null, "rdm1": null, "epsilon": -0.027343051024047327, "error_type": null, "energy_total": "0", "sub_problems": [], "error_message": null, "problem_handle": 64856232621422289, "energy_correlation": -0.027343051024047327, "energy_correlation_t": null, "energy_correlation_ccsd": null}, "(2,)": {"cas": null, "rdm1": null, "epsilon": -0.02734413136766989, "error_type": null, "energy_total": "0", "sub_problems": [], "error_message": null, "problem_handle": 22210935403755217, "energy_correlation": -0.02734413136766989, "energy_correlation_t": null, "energy_correlation_ccsd": null}, "(3,)": {"cas": null, "rdm1": null, "epsilon": -0.02734425809913432, "error_type": null, "energy_total": "0", "sub_problems": [], "error_message": null, "problem_handle": 14203819283887825, "energy_correlation": -0.02734425809913432, "energy_correlation_t": null, "energy_correlation_ccsd": null}, "(4,)": {"cas": null, "rdm1": null, "epsilon": -0.01771405125992942, "error_type": null, "energy_total": "0", "sub_problems": [], "error_message": null, "problem_handle": 63323814060013265, "energy_correlation": -0.01771405125992942, "energy_correlation_t": null, "energy_correlation_ccsd": null}}, "2": {"(1, 2)": {"cas": null, "rdm1": null, "epsilon": -0.016601123305349574, "error_type": null, "energy_total": "0", "sub_problems": [], "error_message": null, "problem_handle": 29226064402101999, "energy_correlation": -0.07128830569706679, "energy_correlation_t": null, "energy_correlation_ccsd": null}, "(1, 3)": {"cas": null, "rdm1": null, "epsilon": -0.016601178475696088, "error_type": null, "energy_total": "0", "sub_problems": [], "error_message": null, "problem_handle": 53777875582498543, "energy_correlation": -0.07128848759887774, "energy_correlation_t": null, "energy_correlation_ccsd": null}, "(1, 4)": {"cas": null, "rdm1": null, "epsilon": -0.02438915596351876, "error_type": null, "energy_total": "0", "sub_problems": [], "error_message": null, "problem_handle": 42209956696340207, "energy_correlation": -0.06944625824749551, "energy_correlation_t": null, "energy_correlation_ccsd": null}, "(2, 3)": {"cas": null, "rdm1": null, "epsilon": -0.01660171714085834, "error_type": null, "energy_total": "0", "sub_problems": [], "error_message": null, "problem_handle": 30200863064504047, "energy_correlation": -0.07129010660766255, "energy_correlation_t": null, "energy_correlation_ccsd": null}, "(2, 4)": {"cas": null, "rdm1": null, "epsilon": -0.024389568255614336, "error_type": null, "energy_total": "0", "sub_problems": [], "error_message": null, "problem_handle": 15696294649444079, "energy_correlation": -0.06944775088321364, "energy_correlation_t": null, "energy_correlation_ccsd": null}, "(3, 4)": {"cas": null, "rdm1": null, "epsilon": -0.024389613395683796, "error_type": null, "energy_total": "0", "sub_problems": [], "error_message": null, "problem_handle": 62696834734143215, "energy_correlation": -0.06944792275474754, "energy_correlation_t": null, "energy_correlation_ccsd": null}}, "3": {"(1, 2, 3)": {"cas": null, "rdm1": null, "epsilon": 0.00044609452396571214, "error_type": null, "energy_total": "0", "sub_problems": [], "error_message": null, "problem_handle": 33971724091307775, "energy_correlation": -0.13138936488878983, "energy_correlation_t": null, "energy_correlation_ccsd": null}, "(1, 2, 4)": {"cas": null, "rdm1": null, "epsilon": 0.004302258496252875, "error_type": null, "energy_total": "0", "sub_problems": [], "error_message": null, "problem_handle": 26925301961242367, "energy_correlation": -0.13347882267987643, "energy_correlation_t": null, "energy_correlation_ccsd": null}, "(1, 3, 4)": {"cas": null, "rdm1": null, "epsilon": 0.004302274023714886, "error_type": null, "energy_total": "0", "sub_problems": [], "error_message": null, "problem_handle": 39384675669423871, "energy_correlation": -0.13347903419429483, "energy_correlation_t": null, "energy_correlation_ccsd": null}, "(2, 3, 4)": {"cas": null, "rdm1": null, "epsilon": 0.004302425735360771, "error_type": null, "energy_total": "0", "sub_problems": [], "error_message": null, "problem_handle": 59500365453637375, "energy_correlation": -0.13348091378352933, "energy_correlation_t": null, "energy_correlation_ccsd": null}}}, "mean_field_energy": -76.31082623608856, "energy_correlation": -0.2093647955082076, "virtual_orbital_space": [5, 6, 7, 8, 9, 10, 11, 12, 13, 14, 15, 16, 17, 18, 19, 20, 21, 22, 23, 24, 25, 26, 27, 28], "complete_orbital_space": [0, 1, 2, 3, 4, 5, 6, 7, 8, 9, 10, 11, 12, 13, 14, 15, 16, 17, 18, 19, 20, 21, 22, 23, 24, 25, 26, 27, 28], "occupied_orbital_space": [0, 1, 2, 3, 4], "active_virtual_orbital_space": [5, 6, 7, 8, 9, 10, 11, 12, 13, 14, 15, 16, 17, 18, 19, 20, 21, 22, 23, 24, 25, 26, 27, 28], "frozen_virtual_orbital_space": [], "active_occupied_orbital_space": [1, 2, 3, 4], "frozen_occupied_orbital_space": [0], "solve_time": 69, "sub_problems": []}