{"log_url": "https://qemistgvbpplogs.s3.us-west-2.amazonaws.com/e4e8a95b174abcfc915a9e2c157776e6acf9498337c4c29b13b6a4ba7b37eebc.log", "num_elec": 4, "num_basis": 7, "num_virtual": 12, "energy_total": -14.60874953362714, "num_occupied": 2, "subproblem_data": {"1": {"(0,)": {"cas": null, "rdm1": null, "epsilon": -0.00022558724408661135, "error_type": null, "energy_total": "0", "sub_problems": [], "error_message": null, "problem_handle": 67697585423398483, "energy_correlation": -0.00022558724408661135, "energy_correlation_t": null, "energy_correlation_ccsd": null}, "(1,)": {"cas": null, "rdm1": null, "epsilon": -0.03188967059549519, "error_type": null, "energy_total": "0", "sub_problems": [], "error_message": null, "problem_handle": 24334728019588691, "energy_correlation": -0.03188967059549519, "energy_correlation_t": null, "energy_correlation_ccsd": null}}, "2": {"(0, 1)": {"cas": null, "rdm1": null, "epsilon": -0.004296644834171907, "error_type": null, "energy_total": "0", "sub_problems": [], "error_message": null, "problem_handle": 2147133126882914, "energy_correlation": -0.03641190267375371, "energy_correlation_t": null, "energy_correlation_ccsd": null}}}, "mean_field_energy": -14.572337630953388, "energy_correlation": -0.03641190267375371, "virtual_orbital_space": [2, 3, 4, 5, 6, 7, 8, 9, 10, 11, 12, 13], "complete_orbital_space": [0, 1, 2, 3, 4, 5, 6, 7, 8, 9, 10, 11, 12, 13], "occupied_orbital_space": [0, 1], "active_virtual_orbital_space": [2, 3, 4, 5, 6, 7, 8, 9, 10, 11, 12, 13], "frozen_virtual_orbital_space": [], "active_occupied_orbital_space": [0, 1], "frozen_occupied_orbital_space": [], "solve_time": 31, "sub_problems": []}