{"log_url": null, "num_elec": 4, "num_basis": 7, "correction": -0.019480316349177303, "num_virtual": 12, "energy_total": -14.60874953362714, "num_occupied": 2, "mo_coefficients": {"key": "a7ddad1c3e46f871aa0ea4aa16c20f20491cc32a17ffd30e05081af48edf5ffa", "s3_url": "https://qemistmocoefficients.s3.us-west-2.amazonaws.com/a7ddad1c3e46f871aa0ea4aa16c20f20491cc32a17ffd30e05081af48edf5ffa", "s3_bucket_name": "qemistmocoefficients"}, "mp2_correlation": -0.02633593889604298, "mean_field_energy": -14.572337630953388, "energy_correlation": -0.03641190267375371, "virtual_orbital_space": [2, 3, 4, 5, 6, 7, 8, 9, 10, 11, 12, 13], "complete_orbital_space": [0, 1, 2, 3, 4, 5, 6, 7, 8, 9, 10, 11, 12, 13], "occupied_orbital_space": [0, 1], "frozen_orbitals_truncated": [3, 4, 5, 6, 7, 8, 9, 10, 11, 12, 13], "active_virtual_orbital_space": [2, 3, 4, 5, 6, 7, 8, 9, 10, 11, 12, 13], "frozen_virtual_orbital_space": [], "mp2_active_space_correlation": -0.006855622546865672, "active_occupied_orbital_space": [0, 1], "frozen_occupied_orbital_space": [], "active_virtual_orbital_space_truncated": [2], "frozen_virtual_orbital_space_truncated": [3, 4, 5, 6, 7, 8, 9, 10, 11, 12, 13], "solve_time": 1, "sub_problems": []}