{"log_url": null, "num_elec": 4, "num_basis": 7, "correction": -0.017285231036447954, "num_virtual": 12, "energy_total": -14.604227301548882, "num_occupied": 2, "mo_coefficients": {"key": "a3aac3ea67af533ee11631bf40d99cf2fe73cde13f9d385d229881b26cb33404", "s3_url": "https://qemistmocoefficients.s3.us-west-2.amazonaws.com/a3aac3ea67af533ee11631bf40d99cf2fe73cde13f9d385d229881b26cb33404", "s3_bucket_name": "qemistmocoefficients"}, "mp2_correlation": -0.023367141124603207, "mean_field_energy": -14.572337630953388, "energy_correlation": -0.03188967059549519, "virtual_orbital_space": [2, 3, 4, 5, 6, 7, 8, 9, 10, 11, 12, 13], "complete_orbital_space": [0, 1, 2, 3, 4, 5, 6, 7, 8, 9, 10, 11, 12, 13], "occupied_orbital_space": [0, 1], "frozen_orbitals_truncated": [0, 3, 4, 5, 6, 7, 8, 9, 10, 11, 12, 13], "active_virtual_orbital_space": [2, 3, 4, 5, 6, 7, 8, 9, 10, 11, 12, 13], "frozen_virtual_orbital_space": [], "mp2_active_space_correlation": -0.006081910088155253, "active_occupied_orbital_space": [1], "frozen_occupied_orbital_space": [0], "active_virtual_orbital_space_truncated": [2], "frozen_virtual_orbital_space_truncated": [3, 4, 5, 6, 7, 8, 9, 10, 11, 12, 13], "solve_time": 1, "sub_problems": []}