{"log_url": null, "num_elec": 4, "num_basis": 7, "correction": -0.00016067696984091675, "num_virtual": 12, "energy_total": -14.572563218197471, "num_occupied": 2, "mo_coefficients": {"key": "e144ebce467b098edf0b7b7247c8731a1f9f3c092d8d8b0dc59c1a557c751248", "s3_url": "https://qemistmocoefficients.s3.us-west-2.amazonaws.com/e144ebce467b098edf0b7b7247c8731a1f9f3c092d8d8b0dc59c1a557c751248", "s3_bucket_name": "qemistmocoefficients"}, "mp2_correlation": -0.0002272544053209439, "mean_field_energy": -14.572337630953388, "energy_correlation": -0.00022558724408661135, "virtual_orbital_space": [2, 3, 4, 5, 6, 7, 8, 9, 10, 11, 12, 13], "complete_orbital_space": [0, 1, 2, 3, 4, 5, 6, 7, 8, 9, 10, 11, 12, 13], "occupied_orbital_space": [0, 1], "frozen_orbitals_truncated": [1, 3, 4, 5, 6, 7, 8, 9, 10, 11, 12, 13], "active_virtual_orbital_space": [2, 3, 4, 5, 6, 7, 8, 9, 10, 11, 12, 13], "frozen_virtual_orbital_space": [], "mp2_active_space_correlation": -6.657743548002716e-05, "active_occupied_orbital_space": [0], "frozen_occupied_orbital_space": [1], "active_virtual_orbital_space_truncated": [2], "frozen_virtual_orbital_space_truncated": [3, 4, 5, 6, 7, 8, 9, 10, 11, 12, 13], "solve_time": 1, "sub_problems": []}